dataset,record_id,rms,peak_to_peak,skewness,kurtosis,qcd,reconstruction_mse,is_anomaly
AGR.361,0,0.24355953,1.5039978,0.18722803,-0.46042343,-24.133245,0.6763881885149094,False
AGR.361,1,0.22977553,1.5811515,0.096308096,-0.56184653,-38.891288,0.6893034111558508,False
AGR.361,2,0.22656006,1.4639568,0.082174852,-0.43267714,-41.872418,0.369185675152269,False
AGR.361,3,0.2554329,1.5850573,0.066520319,-0.67056289,-40.298542,1.1014830116216958,False
AGR.361,4,0.24013592,1.4532137,0.075537725,-0.69522314,-42.002617,1.0026794020838685,False
AGR.361,5,0.23873798,1.39364,0.019298968,-0.71234255,-47.37793,1.1358403971817395,False
AGR.361,6,0.25192931,1.622169,0.25169817,-0.33954907,-19.052836,0.9522000565109865,False
AGR.361,7,0.25549252,1.5791974,0.099786534,-0.66807107,-57.995406,1.073759337228592,False
AGR.361,8,0.22843685,1.4161024,0.10517698,-0.60187907,-35.30048,0.685999934904672,False
AGR.361,9,0.22779414,1.4200086,0.088865157,-0.61152751,-39.333637,0.7103222804544007,False
AGR.361,10,0.23341205,1.547946,0.17190639,-0.44912363,-31.635423,0.5843926493296762,False
AGR.361,11,0.22634642,1.4121957,0.13589029,-0.57661176,-38.891288,0.6441159613479789,False
AGR.361,12,0.23076539,1.4795818,0.18955206,-0.40762477,-22.666559,0.5356618987025236,False
AGR.361,13,0.25373003,1.5352502,0.23555389,-0.51568118,-29.385374,1.0582465104471108,False
AGR.361,14,0.22462025,1.4219618,0.059556467,-0.575579,-49.717409,0.643294895085091,False
AGR.361,15,0.25163086,1.6270523,0.16129766,-0.50388089,-29.076481,0.7899344477925818,False
AGR.361,16,0.22936674,1.5352502,0.12472318,-0.46369362,-37.998183,0.4854158284975081,False
AGR.361,17,0.221578,1.4463778,0.15987788,-0.51348769,-28.082742,0.5711164283752325,False
AGR.361,18,0.25183452,1.5684548,0.10865408,-0.61386767,-32.58402,0.9087343790249403,False
AGR.361,19,0.22628166,1.4131718,0.05501754,-0.73837401,-32.909641,1.0817198265523487,False
AGR.361,20,0.22696549,1.4307518,0.1269615,-0.61306475,-44.125036,0.7268788383858367,False
AGR.361,21,0.26683485,1.573338,0.036234677,-0.83180485,-72.492578,1.7386034354904247,False
AGR.361,22,0.21989898,1.4200082,0.26075888,-0.34465091,-21.06589,0.7700215404388167,False
AGR.361,23,0.25163086,1.6270523,0.16129766,-0.50388089,-29.076481,0.7899344477925818,False
AGR.361,24,0.25136271,1.4844656,0.12119213,-0.76411273,-45.10891,1.2763622899867724,False
AGR.361,25,0.2410204,1.5860338,0.13541807,-0.36671226,-31.635423,0.4282265880602682,False
AGR.361,26,0.21390772,1.2666788,0.14007894,-0.78910148,-19.388473,1.1055359901094763,False
AGR.361,27,0.24516703,1.4854427,0.023112958,-0.74191636,-43.555847,1.287741440400922,False
AGR.361,28,0.24535417,1.6084972,0.21938974,-0.41205376,-25.643535,0.8168033428957809,False
AGR.361,29,0.19276191,1.2569127,0.094609946,-0.63625043,-30.098943,0.6330555264933847,False
AGR.361,30,0.22881401,1.383874,0.13699432,-0.52539397,-38.669021,0.5375702763238535,False
AGR.361,31,0.23524123,1.5596657,0.27033673,-0.36605712,-21.187493,0.9856987891384288,False
AGR.361,32,0.25101771,1.5489225,0.087053121,-0.51293554,-37.69856,0.6645770362574603,False
AGR.361,33,0.21272777,1.3907103,0.10989986,-0.50533979,-32.100439,0.4350160995909837,False
AGR.361,34,0.23470314,1.5059509,0.057469987,-0.73329468,-41.775723,1.144527301514263,False
AGR.361,35,0.23153432,1.4307513,0.084864984,-0.55107065,-44.37502,0.5952483308290198,False
AGR.361,36,0.21017668,1.2910948,0.071473977,-0.87252664,-29.081535,1.3944085993537056,False
AGR.361,37,0.24393484,1.4405179,0.050292397,-0.83283679,-33.582617,1.4874302644070627,False
AGR.361,38,0.21948387,1.4610266,0.24400441,-0.33552789,-24.15347,0.6701526944406659,False
AGR.361,39,0.26722637,1.6827197,0.074004385,-0.57187065,-37.08984,0.9769252969709958,False
AGR.361,40,0.25239443,1.5772448,0.15938129,-0.50373429,-37.49858,0.7583499477213573,False
AGR.361,41,0.23153432,1.4307513,0.084864984,-0.55107065,-44.37502,0.5952483308290198,False
AGR.361,42,0.24806319,1.5645485,0.14335497,-0.44294568,-45.625002,0.5822122558507855,False
AGR.361,43,0.22152861,1.4737225,0.16562793,-0.43012292,-30.000501,0.456268060155497,False
AGR.361,44,0.0060039724,0.050784588,0.05816734,-1.1115495,-5.4989017,3.513214425862915,False
AGR.361,45,0.25239443,1.5772448,0.15938129,-0.50373429,-37.49858,0.7583499477213573,False
AGR.361,46,0.23446735,1.4766522,0.072020381,-0.66232398,-61.827001,0.904729301309208,False
AGR.361,47,0.22315322,1.482512,0.13245747,-0.47760832,-33.498774,0.4754477991968562,False
AGR.361,48,0.25231878,1.6221695,0.089639525,-0.59936294,-64.832064,0.9056531185986165,False
AGR.361,49,0.20440285,1.2959776,0.23725348,-0.47172855,-20.266572,0.7092416047067914,False
AGR.361,50,0.23671457,1.4600501,0.090208407,-0.55874362,-32.909641,0.6445265201262883,False
AGR.361,51,0.23165678,1.4483304,0.1250504,-0.44362581,-34.498712,0.4226918253822295,False
AGR.361,52,0.23635916,1.4551673,0.094136085,-0.59740924,-40.444688,0.7261693541756672,False
AGR.361,53,0.22315322,1.482512,0.13245747,-0.47760832,-33.498774,0.4754477991968562,False
AGR.361,54,0.23754775,1.5577125,0.18888129,-0.43389454,-23.332467,0.6426067022827981,False
AGR.361,55,0.25947494,1.4200086,0.0053920228,-1.0609645,-56.625072,2.7536637783320512,False
AGR.361,56,0.22558058,1.5293899,0.128735,-0.58358223,-34.90213,0.7178734643436987,False
AGR.361,57,0.22434338,1.2862115,0.035158402,-0.83887534,-33.817225,1.398165482827254,False
AGR.361,58,0.24590313,1.5762677,0.12035621,-0.64238572,-34.90973,0.9613508410263197,False
AGR.361,59,0.21328622,1.4248915,0.16001205,-0.51995792,-25.07752,0.5528431018972632,False
AGR.361,60,0.24388877,1.4952083,0.10880219,-0.53566766,-46.122141,0.650033811513121,False
AGR.361,61,0.22859498,1.4493074,0.18911827,-0.50528854,-26.767836,0.6627747401226829,False
AGR.361,62,0.22079002,1.4258681,0.18588124,-0.51370977,-22.266587,0.6300905820230875,False
AGR.361,63,0.22079002,1.4258681,0.18588124,-0.51370977,-22.266587,0.6300905820230875,False
AGR.361,64,0.22974358,1.546969,0.20846058,-0.38115772,-33.898736,0.614194342148713,False
AGR.361,65,0.23165678,1.4483304,0.1250504,-0.44362581,-34.498712,0.4226918253822295,False
AGR.361,66,0.2054205,1.3272295,0.23085601,-0.46352997,-21.785518,0.6740203827797513,False
AGR.361,67,0.22769796,1.4063358,0.18018704,-0.65978709,-29.750612,0.9290520716862425,False
AGR.361,68,0.25101771,1.5489225,0.087053121,-0.51293554,-37.69856,0.6645770362574603,False
AGR.361,69,0.19359287,1.2080822,0.20227346,-0.50610678,-19.600559,0.5679388597850112,False
AGR.361,70,0.23857236,1.4698162,0.06287571,-0.78338348,-43.333637,1.287534642916882,False
AGR.361,71,0.23615744,1.490325,0.25793035,-0.47150567,-22.061793,0.9969463700505339,False
AGR.361,72,0.25464296,1.6368184,0.1173672,-0.6146465,-44.220118,0.9782795517058993,False
AGR.361,73,0.24422091,1.5450168,0.14904533,-0.52306254,-52.85291,0.7079479210514076,False
AGR.361,74,0.21989898,1.4200082,0.26075888,-0.34465091,-21.06589,0.7700215404388167,False
AGR.361,75,0.25464296,1.6368184,0.1173672,-0.6146465,-44.220118,0.9782795517058993,False
AGR.361,76,0.24590313,1.5762677,0.12035621,-0.64238572,-34.90973,0.9613508410263197,False
AGR.361,77,0.23582604,1.4961853,0.10393273,-0.73701367,-54.289043,1.1148891971511516,False
AGR.361,78,0.23671457,1.4600501,0.090208407,-0.55874362,-32.909641,0.6445265201262883,False
AGR.361,79,0.22769796,1.4063358,0.18018704,-0.65978709,-29.750612,0.9290520716862425,False
AGR.361,80,0.23446735,1.4766522,0.072020381,-0.66232398,-61.827001,0.904729301309208,False
AGR.361,81,0.24942067,1.5821276,0.088396895,-0.60475262,-34.156207,0.8784359600147399,False
AGR.361,82,0.25231878,1.6221695,0.089639525,-0.59936294,-64.832064,0.9056531185986165,False
AGR.361,83,0.25136271,1.4844656,0.12119213,-0.76411273,-45.10891,1.2763622899867724,False
AGR.361,84,0.19276191,1.2569127,0.094609946,-0.63625043,-30.098943,0.6330555264933847,False
AGR.361,85,0.22974358,1.546969,0.20846058,-0.38115772,-33.898736,0.614194342148713,False
AGR.361,86,0.20354111,1.2110114,0.0070172859,-0.81438602,-30.362808,1.313913996186923,False
AGR.361,87,0.0060039724,0.050784588,0.05816734,-1.1115495,-5.4989017,3.513214425862915,False
AGR.361,88,0.20902451,1.2696085,0.15943869,-0.63494953,-25.07752,0.70760801741044,False
AGR.361,89,0.21989898,1.4200082,0.26075888,-0.34465091,-21.06589,0.7700215404388167,False
AGR.361,90,0.2054205,1.3272295,0.23085601,-0.46352997,-21.785518,0.6740203827797513,False
AGR.361,91,0.22859498,1.4493074,0.18911827,-0.50528854,-26.767836,0.6627747401226829,False
AGR.361,92,0.24393484,1.4405179,0.050292397,-0.83283679,-33.582617,1.4874302644070627,False
AGR.361,93,0.22152861,1.4737225,0.16562793,-0.43012292,-30.000501,0.456268060155497,False
AGR.361,94,0.23615744,1.490325,0.25793035,-0.47150567,-22.061793,0.9969463700505339,False
AGR.361,95,0.20902451,1.2696085,0.15943869,-0.63494953,-25.07752,0.70760801741044,False
AGR.361,96,0.22871854,1.4551673,0.14661788,-0.68938551,-27.999616,0.9608159935117957,False
AGR.361,97,0.2381316,1.5127878,0.10532364,-0.58293201,-40.664779,0.732932598984926,False
AGR.361,98,0.22079002,1.4258681,0.18588124,-0.51370977,-22.266587,0.6300905820230875,False
AGR.361,99,0.22152861,1.4737225,0.16562793,-0.43012292,-30.000501,0.456268060155497,False
AGR.561,0,0.22489625,1.8797045,0.22475388,0.13085316,-29.454438,0.8499336447609922,False
AGR.561,1,0.27369876,2.2981377,0.10198287,0.050395307,-49.377388,1.0157706841862872,False
AGR.561,2,0.28484209,2.3426723,0.14540126,0.043520219,-45.776394,1.238364372623869,False
AGR.561,3,0.25915483,2.137631,0.22676438,0.12974548,-30.750824,1.253354981627206,False
AGR.561,4,0.23961892,2.0671182,0.16151831,0.10424161,-34.300305,0.732833469481792,False
AGR.561,5,0.21251501,1.8323874,0.19813427,0.087036804,-38.124359,0.5899669767642759,False
AGR.561,6,0.25170074,2.3398891,0.25317624,0.14003335,-27.846523,1.598425132481311,False
AGR.561,7,0.21323347,1.7136297,0.20356963,0.088778453,-34.445359,0.556108107421436,False
AGR.561,8,0.26085709,2.3009215,0.14381709,0.058470568,-37.702318,1.0065369032125084,False
AGR.561,9,0.21823396,1.9010434,0.19284066,0.068508569,-31.700315,0.6076336700432431,False
AGR.561,10,0.27136936,2.3306107,0.15067151,0.13759085,-48.627371,1.2161608802599537,False
AGR.561,11,0.21340473,2.1172195,0.15623387,0.034653757,-34.223139,0.6086221953867108,False
AGR.561,12,0.22205637,1.7451749,0.18973297,0.042443346,-32.300305,0.4937910197216035,False
AGR.561,13,0.25935266,2.1051579,0.21321381,0.049223944,-34.183249,1.06677383422495,False
AGR.561,14,0.24591382,2.1830921,0.23864593,0.15275268,-27.231119,1.307787834965381,False
AGR.561,15,0.22405778,1.8704271,0.18253951,0.058130195,-32.300305,0.5550365329809702,False
AGR.561,16,0.20657247,1.6728077,0.15064139,0.037519496,-37.374391,0.27119907256624587,False
AGR.561,17,0.23428917,1.859293,0.17597214,0.081472339,-37.556589,0.590581881392308,False
AGR.561,18,0.2631922,2.2814383,0.13818442,0.07732334,-47.627308,1.0012447911635385,False
AGR.561,19,0.25370499,2.0745406,0.22811736,0.11140665,-30.416166,1.1461605482309527,False
AGR.561,20,0.24700312,2.0142341,0.14510587,0.1226081,-50.000163,0.7088443008638288,False
AGR.561,21,0.23019175,1.8973321,0.1881577,0.093112714,-33.300357,0.6558132759375911,False
AGR.561,22,0.22531,1.6820845,0.22996715,0.07583281,-25.07725,0.7077055523803404,False
AGR.561,23,0.26018912,2.1218581,0.17244257,0.094867523,-28.61582,0.9428211673672566,False
AGR.561,24,0.27094407,2.4187508,0.17624552,0.18813967,-38.700367,1.4788490128742513,False
AGR.561,25,0.23679613,1.9019713,0.20811979,0.18597592,-28.082876,0.9099396994676505,False
AGR.561,26,0.23643641,2.0819631,0.18609896,0.10767893,-48.571528,0.8287833318518281,False
AGR.561,27,0.22720874,2.0745402,0.21579219,0.14318998,-32.500335,0.9694744962633839,False
AGR.561,28,0.22943733,2.0448513,0.19632447,0.18348457,-32.701973,0.907978356124034,False
AGR.561,29,0.22920053,2.0921688,0.24379406,0.15700848,-27.250713,1.1791903252656257,False
AGR.561,30,0.22678525,1.9854722,0.18525164,0.050102701,-32.900296,0.6495715006647211,False
AGR.561,31,0.20102311,1.5995121,0.15429009,-0.042989083,-48.501258,0.1969534620660688,False
AGR.561,32,0.2286252,1.8750653,0.21053359,0.16321545,-29.637572,0.829771675532647,False
AGR.561,33,0.24683316,1.9511447,0.20501387,0.082497576,-29.750825,0.8495013617694143,False
AGR.561,34,0.28190164,2.4725628,0.18048445,0.048864645,-37.792008,1.505937963767252,False
AGR.561,35,0.23077708,1.9799061,0.18136141,0.11314197,-36.889922,0.7067321045059236,False
AGR.561,36,0.21142795,1.7507415,0.13287067,-0.0013440684,-44.00016,0.24707209278950173,False
AGR.561,37,0.22678138,1.8407378,0.19457625,0.056323083,-29.637572,0.5987148286690863,False
AGR.561,38,0.12762395,1.0409813,-0.081035449,-0.08935819,187.9733,0.7523028869605646,False
AGR.561,39,0.3064417,2.4855523,0.092566912,-0.027776628,-51.000918,1.5182999853533907,False
AGR.561,40,0.23658613,1.851871,0.1903867,0.026192842,-31.092231,0.6082033292839106,False
AGR.561,41,0.24308393,2.0532017,0.26731277,0.12510225,-23.333172,1.3392421543722086,False
AGR.561,42,0.20638191,1.6208515,0.20633643,0.04973751,-27.745469,0.47369941582046327,False
AGR.561,43,0.25405342,2.2907161,0.21418752,0.14482811,-28.000393,1.319875206807747,False
AGR.561,44,0.27258468,2.3807111,0.2096854,0.11690066,-38.900399,1.5033614622077276,False
AGR.561,45,0.22313409,1.920527,0.22683739,0.14272241,-26.584019,0.8973102216534367,False
AGR.561,46,0.23470518,2.0309348,0.13063867,0.076571617,-42.377066,0.5672635104044902,False
AGR.561,47,0.25796668,2.0977354,0.22294003,0.19829505,-36.700367,1.2999370971682154,False
AGR.561,48,0.22972789,1.96135,0.22882363,0.099250219,-30.181691,0.9132527651802986,False
AGR.561,49,0.27320059,2.3649393,0.10688265,0.020941237,-49.377388,1.0797063004452805,False
AGR.561,50,0.012864384,0.10947895,-0.0024174804,0.069699273,-18.006689,2.0683388758741055,False
AGR.561,51,0.25220581,2.034646,0.17734648,0.10066231,-40.001063,0.8413372096398705,False
AGR.561,52,0.24378449,2.1951537,0.18451795,0.14689927,-31.818034,1.015329684102642,False
AGR.561,53,0.24859404,2.164536,0.16581011,0.0764456,-40.001063,0.8617433760871753,False
AGR.561,54,0.281244,2.3436003,0.18094461,0.16387761,-33.750911,1.4543257969814622,False
AGR.561,55,0.26322396,2.1960807,0.16756664,0.13422821,-34.183249,1.0577008635009058,False
AGR.561,56,0.2305685,2.0374293,0.19835551,0.14466719,-33.100325,0.8629497867652851,False
AGR.561,57,0.27977629,2.4215346,0.1406833,0.050535385,-44.890102,1.2887563463571021,False
AGR.561,58,0.21308737,1.9771223,0.14573749,0.073125335,-51.168038,0.48258069676185916,False
AGR.561,59,0.22208071,1.8964048,0.2328632,0.13620908,-28.908973,0.9046033942326824,False
AGR.561,60,0.23929196,1.9567113,0.24219534,0.18517628,-34.10209,1.1625887765309877,False
AGR.561,61,0.29867896,2.3825669,0.16601919,0.14487987,-32.923536,1.5998465762180205,False
AGR.561,62,0.20782491,1.8054814,0.11125761,0.01114887,-60.397454,0.2349870352519395,False
AGR.561,63,0.22858755,1.9195995,0.16924576,0.058994033,-41.62435,0.5539658703357722,False
AGR.561,64,0.23663982,2.042068,0.18071979,0.16299478,-37.556589,0.8426959941307939,False
AGR.561,65,0.28815497,2.4669966,0.16104646,0.050455541,-37.818038,1.48382011713536,False
AGR.561,66,0.23872451,2.1413417,0.218949,0.18280571,-28.417434,1.1524302586599793,False
AGR.561,67,0.33083244,2.6655436,0.086363047,-0.076507545,-70.000169,2.0735575223872362,False
AGR.561,68,0.22021121,2.1125803,0.14941473,0.077605054,-35.334328,0.6359811332462681,False
AGR.561,69,0.21184286,1.8351708,0.22513919,0.14375157,-27.636281,0.7974553108956217,False
AGR.561,70,0.2455359,2.1413412,0.191574,0.15062609,-39.112184,1.0050904209592126,False
AGR.561,71,0.0031017045,0.026906013,-0.2772822,0.29186146,-4.0015424,5.487468156631272,True
AGR.561,72,0.2745988,2.4744182,0.14193828,0.074141657,-44.22089,1.340385535994192,False
AGR.561,73,0.20435395,1.656107,0.19367132,0.041495435,-42.288903,0.41903029956125454,False
AGR.561,74,0.26064854,2.0893855,0.15369393,0.25098506,-52.289712,1.0950526051665386,False
AGR.561,75,0.24502859,2.2044311,0.23663436,0.17615433,-23.199821,1.3441763881485125,False
AGR.561,76,0.24214339,2.090313,0.19476722,0.19378924,-38.22321,1.0198464411600827,False
AGR.561,77,0.20102311,1.5995121,0.15429009,-0.042989083,-48.501258,0.1969534620660688,False
AGR.561,78,0.21096011,2.1756702,0.2079564,0.10614438,-25.417347,0.93565759002827,False
AGR.561,79,0.22595818,1.8184705,0.24585818,0.17344254,-26.750738,1.011340040964852,False
AGR.561,80,0.26872395,2.3593727,0.12516505,0.12741751,-42.665385,1.1589750467502908,False
AGR.561,81,0.23302845,1.9854727,0.18587383,0.10636518,-37.334284,0.7330816372923092,False
AGR.561,82,0.23182909,1.9196,0.2469462,0.16951183,-27.750713,1.097024326653226,False
AGR.561,83,0.21271975,1.9362998,0.18168606,0.058425797,-30.700264,0.5602194846367762,False
AGR.561,84,0.22021121,2.1125803,0.14941473,0.077605054,-35.334328,0.6359811332462681,False
AGR.561,85,0.24753313,2.1450529,0.19415494,0.19629517,-35.300357,1.0992203685041078,False
AGR.561,86,0.25107999,1.988256,0.19617977,0.11109407,-32.910472,0.8929097879995535,False
AGR.561,87,0.24858664,2.3241167,0.19022165,0.10131506,-35.500426,1.1606340296531719,False
AGR.561,88,0.2259711,1.9669171,0.19386438,0.18294618,-32.300305,0.8244934854510904,False
AGR.561,89,0.26874667,2.2183481,0.2225525,0.15599449,-25.467368,1.4139238084732322,False
AGR.561,90,0.23423348,2.2211323,0.24039225,0.25840637,-30.181691,1.466905833587444,False
AGR.561,91,0.24461769,2.0049558,0.22713669,0.13512851,-29.249521,1.0556935352151613,False
AGR.561,92,0.19518914,1.5985837,0.11346435,-0.024050405,-56.803478,0.10783516052511925,False
AGR.561,93,0.28070842,2.2684494,0.12792507,0.10533013,-44.667895,1.1299538552589488,False
AGR.561,94,0.20986949,1.7062073,0.19210613,0.075371586,-38.124359,0.477034608999135,False
AGR.561,95,0.28376563,2.5337977,0.12443113,0.1370127,-40.700367,1.5287750615495757,False
AGR.561,96,0.27341289,2.4772014,0.14182973,0.1512496,-55.714408,1.4167033361736616,False
AGR.561,97,0.24846326,2.1311364,0.2013126,0.22113374,-35.300357,1.1702035400989461,False
AGR.561,98,0.23781114,2.0513463,0.24383674,0.19999325,-22.666483,1.2505626203874916,False
AGR.561,99,0.23014747,2.1348467,0.18339679,0.19564681,-32.900296,0.9543163594084877,False
BIS.361,0,0.10995592,0.81931877,0.0039621197,-0.28507328,-59.143734,0.5172153608365055,False
BIS.361,1,0.11533246,0.8503902,0.051356995,-0.30618915,-43.501434,0.3582425706706566,False
BIS.361,2,0.088056689,0.67136049,-0.064899956,-0.22917626,-83.261096,1.0717867123776723,False
BIS.361,3,0.11777901,0.81857896,0.06672188,-0.31440964,-49.337203,0.3366228076750622,False
BIS.361,4,0.10338202,0.80896187,0.15560862,-0.19870375,-23.800373,0.4182323217870141,False
BIS.361,5,0.10326354,0.83152532,-0.02663282,-0.26610458,-129.34337,0.6805948536422816,False
BIS.361,6,0.11292663,0.82745648,0.067950744,-0.27977082,-38.54772,0.33730578974256964,False
BIS.361,7,0.10208896,0.7434902,-0.030643547,-0.26105149,-76.802878,0.7386399392298952,False
BIS.361,8,0.084733981,0.63363123,-0.1582347,-0.25247511,498892.88,10.169958137654678,True
BIS.361,9,0.10411633,0.86518574,-0.029358645,-0.27049054,-78.413034,0.6786817347351115,False
BIS.361,10,0.11413528,0.84077262,0.019722948,-0.25570337,-85.60274,0.4131668652304641,False
BIS.361,11,0.1116288,0.80637241,0.027940398,-0.19530259,-51.877572,0.39713421837878393,False
BIS.361,12,0.10645705,0.80822182,-0.012214897,-0.27958536,-80.402988,0.6074376273844656,False
BIS.361,13,0.116722,0.80452299,0.034289127,-0.33400346,-63.149672,0.4168927770807018,False
BIS.361,14,0.10596078,0.81894898,-0.025551818,-0.26261944,-99.263237,0.6589570540914882,False
BIS.361,15,0.11644694,0.86000752,0.027715986,-0.28214827,-62.578168,0.38498007541211055,False
BIS.361,16,0.11136535,0.85815788,0.093243806,-0.28515301,-35.084215,0.32683837039515945,False
BIS.361,17,0.10778108,0.76827313,-0.0011473579,-0.27954269,-67.498122,0.5616877435202574,False
BIS.361,18,0.10966045,0.78121972,-0.0024388005,-0.28795688,-82.402768,0.5555050398755408,False
BIS.361,19,0.08421415,0.65841413,-0.16575168,-0.25566303,-322.0941,1.9704200764912212,False
BIS.361,20,0.10812138,0.86851502,-0.0197055,-0.1966506,-80.402988,0.5742748142841893,False
BIS.361,21,0.074959804,0.64065933,-0.12666479,-0.23807117,-94.694361,1.6873089380972843,False
BIS.361,22,0.12823936,0.87961173,0.14797484,-0.31574448,-28.23605,0.3041400003546225,False
BIS.361,23,0.11541081,0.83966303,0.032462707,-0.26762474,-61.715186,0.3761918145399965,False
BIS.361,24,0.094621108,0.7323935,-0.09649322,-0.31301829,-90.261723,1.2607499575777974,False
BIS.361,25,0.10851578,0.78121948,-0.041789422,-0.30957716,-68.505376,0.7714124615149083,False
BIS.361,26,0.11091256,0.8207984,0.01235011,-0.28510251,-59.435086,0.4810650069272735,False
BIS.361,27,0.12258061,0.85593866,0.061617803,-0.3279954,-41.999964,0.3167456450803429,False
BIS.361,28,0.12679519,0.87147404,0.10500858,-0.36696475,-39.91769,0.30461918737501564,False
BIS.361,29,0.12163186,0.85778807,0.060454077,-0.33496124,-41.820659,0.3294537956809521,False
BIS.361,30,0.090288338,0.69503378,-0.12840991,-0.26946743,-170.54984,1.547370418065943,False
BIS.361,31,0.097026625,0.72980404,0.0017788664,-0.29667821,-52.577071,0.6514562871845484,False
BIS.361,32,0.1099975,0.85852766,-0.027215656,-0.27287074,-82.402768,0.6313809374031668,False
BIS.361,33,0.12607116,0.81931877,0.10446777,-0.32637637,-33.930727,0.28181723189284663,False
BIS.361,34,0.10601786,0.81524993,-0.034170538,-0.27767865,-66.838636,0.7123429827824832,False
BIS.361,35,0.10532826,0.7960155,-0.038017454,-0.26916119,-132.01033,0.7400034461021494,False
BIS.361,36,0.12210307,0.87998176,0.060788465,-0.30155237,-45.901661,0.2923796181569431,False
BIS.361,37,0.11664844,0.8307855,0.061165291,-0.30397209,-39.820541,0.3386758518921137,False
BIS.361,38,0.1006838,0.75865579,0.054840097,-0.22026622,-31.417493,0.4354535246814927,False
BIS.361,39,0.083159429,0.66359282,-0.16295537,-0.26208845,488570.33,9.906817627639956,True
BIS.361,40,0.10053363,0.76272464,-0.05445847,-0.28160464,-126.67641,0.890280340857065,False
BIS.361,41,0.11448423,0.84151244,0.021174933,-0.29640782,-61.715186,0.4311470136611638,False
BIS.361,42,0.10583591,0.80230356,-0.045267396,-0.22615229,-79.213018,0.7538484634020741,False
BIS.361,43,0.10880609,0.77937031,0.020360343,-0.26663559,-58.286645,0.47043560315458155,False
BIS.361,44,0.11981721,0.8733237,0.060883029,-0.28894982,-50.000336,0.2976891578282388,False
BIS.361,45,0.10573522,0.82560706,-0.041842974,-0.25929944,-132.70528,0.7405578719156185,False
BIS.361,46,0.10117525,0.70982981,0.075096895,-0.32561982,-29.693648,0.47078725477514843,False
BIS.361,47,0.10565076,0.76013566,-0.027693028,-0.27860428,-79.602938,0.7016992027159503,False
BIS.361,48,0.11442684,0.84151243,0.044173536,-0.28468081,-47.778038,0.3649291947536667,False
BIS.361,49,0.10042822,0.76642393,-0.089006053,-0.29928906,-190.55562,1.131851665676886,False
BIS.361,50,0.12601314,0.8618567,0.086975948,-0.32834857,-39.584292,0.27563264316196556,False
BIS.361,51,0.10179119,0.76235485,-0.045557431,-0.22389776,-126.67641,0.8012114078996024,False
BIS.361,52,0.10381663,0.7386818,-0.015961312,-0.25952852,-65.171683,0.6522219260094462,False
BIS.361,53,0.12101762,0.85926747,0.073319361,-0.26975846,-37.750915,0.2682953974421752,False
BIS.361,54,0.12117623,0.87295364,0.049585447,-0.30949779,-65.149982,0.32361886287180314,False
BIS.361,55,0.092992222,0.6968832,-0.10120616,-0.22152774,-116.70102,1.2761199958872558,False
BIS.361,56,0.12127681,0.87221408,0.061332156,-0.29249345,-45.501621,0.29158518324004373,False
BIS.361,57,0.11006424,0.80378318,-0.015939721,-0.26940993,-59.143734,0.5943212903959403,False
BIS.361,58,0.10218243,0.76013541,-0.030312656,-0.26122324,-64.171683,0.7310953419674168,False
BIS.361,59,0.10508203,0.77197218,-0.017245521,-0.27233107,-79.213018,0.6462377187775401,False
BIS.361,60,0.12143787,0.84965038,0.068311463,-0.32025019,-45.701508,0.3097331774918153,False
BIS.361,61,0.11228072,0.84003304,0.026537746,-0.27422955,-60.286874,0.41530121085840754,False
BIS.361,62,0.11480871,0.84558153,0.011025901,-0.31388524,-86.802684,0.4738366240489893,False
BIS.361,63,0.11434132,0.83152532,0.032112892,-0.29266831,-47.555878,0.40203593724446424,False
BIS.361,64,0.12670781,0.8914485,0.11054217,-0.28287248,-36.463254,0.23307031965504751,False
BIS.361,65,0.10681656,0.77641106,-0.026730306,-0.29422711,-80.802888,0.6941286515692314,False
BIS.361,66,0.098764071,0.73054385,-0.085036403,-0.24496973,-186.55434,1.1006348296765558,False
BIS.361,67,0.11810197,0.79971433,0.022546557,-0.33895026,-55.877893,0.4424555191505773,False
BIS.361,68,0.1124824,0.82486724,0.029031048,-0.28588776,-52.877743,0.4194091449207372,False
BIS.361,69,0.11134958,0.80600262,0.012937444,-0.22477924,-51.877572,0.4522089413711112,False
BIS.361,70,0.11603959,0.83781361,0.025135742,-0.27850355,-54.377866,0.3992242986574594,False
BIS.361,71,0.11042407,0.9018054,0.059932477,-0.27110618,-37.456706,0.3381277806787536,False
BIS.361,72,0.11741829,0.84928036,0.034977617,-0.3258006,-49.111492,0.39686194413227305,False
BIS.361,73,0.10949709,0.79194664,0.020884882,-0.2781876,-51.37762,0.4671211521332802,False
BIS.361,74,0.1046244,0.75680637,-0.016960244,-0.26971763,-65.505164,0.6510775845209366,False
BIS.361,75,0.117847,0.81192088,0.058989509,-0.27770889,-49.111492,0.3226470437844665,False
BIS.361,76,0.1140881,0.86370636,0.0031600787,-0.27712558,-61.143873,0.474367782918333,False
BIS.361,77,0.10237726,0.81451012,-0.07240887,-0.17424673,-127.34337,0.9275768053368466,False
BIS.361,78,0.10900771,0.77493119,0.065562238,-0.28957544,-31.539871,0.3884832055755854,False
BIS.361,79,0.10466842,0.76272464,-0.03698289,-0.2608761,-98.262669,0.7478370286877649,False
BIS.361,80,0.11885798,0.85926747,0.034601776,-0.29736224,-55.877893,0.3635676699950123,False
BIS.361,81,0.11194377,0.8622267,-0.0037824189,-0.29956383,-84.413621,0.5305463001235945,False
BIS.361,82,0.11067689,0.87036443,-0.0026927022,-0.28160172,-83.202821,0.5193465235823553,False
BIS.361,83,0.12186764,0.84262227,0.067233096,-0.33584172,-41.820659,0.3233694369969867,False
BIS.361,84,0.10262582,0.73794175,-0.020126468,-0.25943549,-55.143742,0.681496519308009,False
BIS.361,85,0.10552033,0.80378318,0.014637819,-0.26212093,-49.62739,0.5016448885120376,False
BIS.361,86,0.087442962,0.73202348,-0.15651247,-0.26395433,-166.54855,1.807310710429493,False
BIS.361,87,0.09048958,0.69281459,-0.13749473,-0.25720488,-342.10199,1.6209636077757577,False
BIS.361,88,0.10331186,0.726475,-0.071324921,-0.31233234,-65.505164,1.0084869828512568,False
BIS.361,89,0.11690713,0.8862698,0.044817746,-0.2785138,-48.666955,0.331812026970424,False
BIS.361,90,0.1142703,0.84114266,0.013174918,-0.28320372,-53.623455,0.44894648100719037,False
BIS.361,91,0.10496196,0.80859184,-0.018286067,-0.25254786,-98.762916,0.6302297854074415,False
BIS.361,92,0.10297942,0.76938295,-0.060366583,-0.23307465,-77.202778,0.8805110299470398,False
BIS.361,93,0.11792148,0.85630846,0.020393386,-0.32814553,-49.555878,0.433856666908868,False
BIS.361,94,0.090735876,0.69207478,-0.13929596,-0.28611079,-173.49567,1.655877019479009,False
BIS.361,95,0.11863479,0.82708668,0.031750268,-0.29929811,-94.265248,0.3833307685861499,False
BIS.361,96,0.10583689,0.84558154,0.10830932,-0.22514006,-30.018902,0.3380307071595628,False
BIS.361,97,0.1235117,0.86111689,0.074657781,-0.32400004,-42.363663,0.29242000320569994,False
BIS.361,98,0.11197206,0.79601525,0.00076356919,-0.26069275,-60.006477,0.5085755417126101,False
BIS.361,99,0.11529654,0.80970145,0.075016419,-0.29708217,-33.384481,0.3326059012887818,False
BSK.362,0,0.26229581,1.9622779,-0.010753873,-0.12245655,-386.14169,0.6775026265750845,False
BSK.362,1,0.2564013,2.1478358,-0.029396143,-0.053753919,124.66997,0.884539105858939,False
BSK.362,3,0.25134821,1.9975338,-0.023669651,-0.061449365,183.52003,0.6867839921967683,False
BSK.362,4,0.2574833,2.0448514,-0.020907152,-0.081098142,-189.52155,0.752380439444993,False
BSK.362,8,0.25692435,2.0179458,-0.022218389,-0.11509076,189.47279,0.7299619348915323,False
BSK.362,9,0.25556484,2.1404143,0.0020998383,-0.020531955,-372.13658,0.7707729241855273,False
BSK.362,10,0.25773784,2.1840205,-0.052835202,-0.09351278,375.9476,1.0350103114146276,False
BSK.362,11,0.27376801,2.0652633,0.029906088,-0.17023725,-135.33674,0.758352009308554,False
BSK.362,12,0.2664409,2.123714,-0.057694053,-0.081116937,389.94562,1.055599415959144,False
BSK.362,13,0.27376801,2.0652633,0.029906088,-0.17023725,-135.33674,0.758352009308554,False
BSK.362,14,0.25781009,2.1311355,-0.034623488,-0.12118226,381.94248,0.8952669341224453,False
BSK.362,15,0.25781009,2.1311355,-0.034623488,-0.12118226,381.94248,0.8952669341224453,False
BSK.362,16,0.27032155,2.0365014,0.0027252558,-0.155477,-200.52286,0.7639551133727637,False
BSK.362,17,0.25781009,2.1311355,-0.034623488,-0.12118226,381.94248,0.8952669341224453,False
BSK.362,18,0.25781009,2.1311355,-0.034623488,-0.12118226,381.94248,0.8952669341224453,False
BSK.362,19,0.25589823,1.9901113,-0.033840137,-0.092201036,-375.9476,0.7463009263045934,False
BSK.362,20,0.24947029,2.1478362,-0.021524865,-0.0063265328,361.94567,0.8292686282304086,False
BSK.362,21,0.26951078,2.1524753,0.0057461311,-0.14214925,-198.52178,0.8577864270882104,False
BSK.362,22,0.27376801,2.0652633,0.029906088,-0.17023725,-135.33674,0.758352009308554,False
BSK.362,23,0.25481217,2.2369046,-0.050751644,-0.047305653,185.4733,1.0721643837516068,False
BSK.362,24,0.25991495,2.1135077,-0.024357341,-0.10205175,736434.25,21.981523845541183,True
BSK.362,25,0.25845482,2.1691751,-0.030190232,-0.10119141,-380.14375,0.9186730620882095,False
BSK.362,26,0.2744645,2.0680466,0.027379644,-0.15526795,-203.52312,0.7655998030541815,False
BSK.362,27,0.27032155,2.0365014,0.0027252558,-0.155477,-200.52286,0.7639551133727637,False
BSK.362,28,0.26498389,2.0661902,-0.031576212,-0.11278438,389.94562,0.8652242748829201,False
BSK.362,29,0.26090304,2.3111276,-0.014585225,-0.036201945,190.52181,1.0469680795146143,False
BSK.362,31,0.26951078,2.1524753,0.0057461311,-0.14214925,-198.52178,0.8577864270882104,False
BSK.362,32,0.25337995,2.2211313,-0.047617306,-0.042933067,185.4733,1.0313216097517832,False
BSK.362,33,0.2787612,2.0532012,0.051497767,-0.17356523,-83.196502,0.7589608043576352,False
BSK.362,34,0.27740069,2.1005187,0.020168761,-0.2008259,-207.52364,0.855921095305926,False
BSK.362,35,0.25911268,2.0392847,-0.031682932,-0.1241419,381.94248,0.8026810996121982,False
BSK.362,36,0.25659948,2.0587683,-0.066146114,-0.033930351,93.748393,0.9828223597566076,False
BSK.362,39,0.26421788,2.2016478,-0.016597667,-0.16010255,196.47176,0.9500063895300235,False
BSK.362,40,0.2546514,2.0374293,-0.015257069,-0.076403179,720970.83,20.938887004233738,True
BSK.362,41,0.28183822,2.2999945,0.044752753,-0.18586762,-140.02784,1.0618250288530042,False
BSK.362,42,0.26975093,2.1376309,-0.018315661,-0.14706833,-397.94035,0.9238540124429606,False
BSK.362,43,0.2787612,2.0532012,0.051497767,-0.17356523,-83.196502,0.7589608043576352,False
BSK.362,44,0.27237102,2.0921693,0.018106421,-0.15502221,-202.47073,0.791548216151482,False
BSK.362,45,0.27822031,2.1005182,0.027572262,-0.18398797,-103.74812,0.8384944707466635,False
BSK.362,46,0.260163,2.0921688,-0.036060843,-0.06595762,127.33721,0.8785089271033831,False
BSK.362,47,0.25911268,2.0392847,-0.031682932,-0.1241419,381.94248,0.8026810996121982,False
BSK.362,48,0.25911268,2.0392847,-0.031682932,-0.1241419,381.94248,0.8026810996121982,False
BSK.362,49,0.25953963,2.27216,0.010693831,-0.082914415,-191.52206,0.9040564819446242,False
BSK.362,50,0.27032155,2.0365014,0.0027252558,-0.155477,-200.52286,0.7639551133727637,False
BSK.362,51,0.2744645,2.0680466,0.027379644,-0.15526795,-203.52312,0.7655998030541815,False
BSK.362,52,0.24595452,2.2146368,0.018417026,-0.038129528,-120.00319,0.7464014381425548,False
BSK.362,53,0.26777413,2.0587683,-0.010523385,-0.13287314,397.94035,0.8008965615436947,False
BSK.362,55,0.26520774,2.2035032,0.0038175349,-0.12045772,-195.47176,0.8830375128919548,False
BSK.362,57,0.2564013,2.1478358,-0.029396143,-0.053753919,124.66997,0.884539105858939,False
BSK.362,58,0.26326548,2.0355735,-0.023424942,-0.11193283,385.94246,0.7917794295064813,False
BSK.362,59,0.2691827,2.2433987,-0.025924287,-0.1336963,199.47124,1.0611240876171057,False
BSK.362,60,0.26520774,2.2035032,0.0038175349,-0.12045772,-195.47176,0.8830375128919548,False
BSK.362,61,0.25781009,2.1311355,-0.034623488,-0.12118226,381.94248,0.8952669341224453,False
BSK.362,62,0.26861694,2.1701031,-0.053028679,-0.12859377,132.00353,1.0978685618249,False
BSK.362,63,0.24948851,2.2099982,-0.023117245,-0.077305509,365.94565,0.882259513182297,False
BSK.362,64,0.26028362,2.0179453,-0.031619812,-0.08924112,190.52181,0.7888272654102275,False
BSK.362,65,0.25873164,2.1255693,-0.053476219,-0.058723362,189.47279,0.9867808053942131,False
BSK.362,66,0.25451101,2.1997928,-0.053968778,-0.094789063,373.94356,1.0383570854213346,False
BSK.362,67,0.26975093,2.1376309,-0.018315661,-0.14706833,-397.94035,0.9238540124429606,False
BSK.362,68,0.25939376,2.0587678,-0.050477493,-0.056616275,379.94762,0.9112093708019249,False
BSK.362,69,0.26951078,2.1524753,0.0057461311,-0.14214925,-198.52178,0.8577864270882104,False
BSK.362,70,0.2787612,2.0532012,0.051497767,-0.17356523,-83.196502,0.7589608043576352,False
BSK.362,71,0.2787612,2.0532012,0.051497767,-0.17356523,-83.196502,0.7589608043576352,False
BSK.362,72,0.25481217,2.2369046,-0.050751644,-0.047305653,185.4733,1.0721643837516068,False
BSK.362,73,0.25466197,2.1218581,-0.01925219,-0.082320553,720970.83,21.101467842149972,True
BSK.362,75,0.27237102,2.0921693,0.018106421,-0.15502221,-202.47073,0.791548216151482,False
BSK.362,77,0.25769195,2.075468,-0.025131701,-0.098689128,190.52181,0.7981678069463315,False
BSK.362,78,0.28183822,2.2999945,0.044752753,-0.18586762,-140.02784,1.0618250288530042,False
BSK.362,79,0.25874911,1.9437218,-0.069549229,-0.065378642,126.66997,0.9087032622584367,False
BSK.362,80,0.2744645,2.0680466,0.027379644,-0.15526795,-203.52312,0.7655998030541815,False
BSK.362,81,0.25781009,2.1311355,-0.034623488,-0.12118226,381.94248,0.8952669341224453,False
BSK.362,82,0.27237102,2.0921693,0.018106421,-0.15502221,-202.47073,0.791548216151482,False
BSK.362,83,0.26951078,2.1524753,0.0057461311,-0.14214925,-198.52178,0.8577864270882104,False
BSK.362,84,0.25911268,2.0392847,-0.031682932,-0.1241419,381.94248,0.8026810996121982,False
BSK.362,86,0.25481217,2.2369046,-0.050751644,-0.047305653,185.4733,1.0721643837516068,False
BSK.362,87,0.2787612,2.0532012,0.051497767,-0.17356523,-83.196502,0.7589608043576352,False
BSK.362,88,0.26951078,2.1524753,0.0057461311,-0.14214925,-198.52178,0.8577864270882104,False
BSK.362,89,0.26951078,2.1524753,0.0057461311,-0.14214925,-198.52178,0.8577864270882104,False
BSK.362,90,0.25289548,2.0439239,-0.033038583,-0.049746268,184.4733,0.7780573596977355,False
BSK.362,91,0.27237102,2.0921693,0.018106421,-0.15502221,-202.47073,0.791548216151482,False
BSK.362,93,0.26090304,2.3111276,-0.014585225,-0.036201945,190.52181,1.0469680795146143,False
BSK.362,96,0.25731927,2.0309348,-0.050002646,-0.070914704,188.47279,0.867625605743822,False
BSK.362,97,0.27237102,2.0921693,0.018106421,-0.15502221,-202.47073,0.791548216151482,False
BSK.362,101,0.2691827,2.2433987,-0.025924287,-0.1336963,199.47124,1.0611240876171057,False
